<?xml version="1.0" encoding="utf-8" ?>
<dwsync>
<file name="accesories.php" server="F:/xampp/htdocs/" local="131575373870422768" remote="131575373870000000" Dst="0" />
<file name="carousel.php" server="F:/xampp/htdocs/" local="131573970211021578" remote="131573970210000000" Dst="0" />
<file name="cart.php" server="F:/xampp/htdocs/" local="131575223940511582" remote="131575223940000000" Dst="0" />
<file name="checkout.php" server="F:/xampp/htdocs/" local="131574372125409190" remote="131574372120000000" Dst="0" />
<file name="contact.php" server="F:/xampp/htdocs/" local="131576179839607028" remote="131576179830000000" Dst="0" />
<file name="electronics.php" server="F:/xampp/htdocs/" local="131575373794688436" remote="131575373790000000" Dst="0" />
<file name="home.php" server="F:/xampp/htdocs/" local="131575372708936335" remote="131575372700000000" Dst="0" />
<file name="mag.php" server="F:/xampp/htdocs/" local="131575300104123577" remote="131575300100000000" Dst="0" />
<file name="news.php" server="F:/xampp/htdocs/" local="131575340990562147" remote="131575340990000000" Dst="0" />
<file name="others.php" server="F:/xampp/htdocs/" local="131575373731164803" remote="131575373730000000" Dst="0" />
<file name="side_menu.php" server="F:/xampp/htdocs/" local="131573945809715903" remote="131573945800000000" Dst="0" />
<file name="top_menu.php" server="F:/xampp/htdocs/" local="131575388275216675" remote="131575388270000000" Dst="0" />
</dwsync>