<?xml version="1.0" encoding="utf-8" ?>
<dwsync>
<file name="angular-animate.min.js" server="F:/xampp/htdocs/" local="130560356240000000" remote="130560356240000000" Dst="0" />
<file name="angular-route.min.js" server="F:/xampp/htdocs/" local="131552204060000000" remote="131552204060000000" Dst="0" />
<file name="angular.min.js" server="F:/xampp/htdocs/" local="131552204400000000" remote="131552204400000000" Dst="0" />
<file name="bootstrap.bundle.js" server="F:/xampp/htdocs/" local="131528577120000000" remote="131528577120000000" Dst="0" />
<file name="bootstrap.bundle.js.map" server="F:/xampp/htdocs/" local="131528577120000000" remote="131528577120000000" Dst="0" />
<file name="bootstrap.bundle.min.js" server="F:/xampp/htdocs/" local="131528577260000000" remote="131528577260000000" Dst="0" />
<file name="bootstrap.bundle.min.js.map" server="F:/xampp/htdocs/" local="131528577260000000" remote="131528577260000000" Dst="0" />
<file name="bootstrap.js" server="F:/xampp/htdocs/" local="131528577100000000" remote="131528577100000000" Dst="0" />
<file name="bootstrap.js.map" server="F:/xampp/htdocs/" local="131528577100000000" remote="131528577100000000" Dst="0" />
<file name="bootstrap.min.js" server="F:/xampp/htdocs/" local="131528577240000000" remote="131528577240000000" Dst="0" />
<file name="bootstrap.min.js.map" server="F:/xampp/htdocs/" local="131528577240000000" remote="131528577240000000" Dst="0" />
<file name="jquery-3.2.1.min.js" server="F:/xampp/htdocs/" local="131478704040000000" remote="131478704040000000" Dst="0" />
<file name="ngStorage.js" server="F:/xampp/htdocs/" local="131573800360000000" remote="131573800360000000" Dst="0" />
<file name="npm.js" server="F:/xampp/htdocs/" local="131139140100000000" remote="131139140100000000" Dst="0" />
<file name="popper.min.js" server="F:/xampp/htdocs/" local="131568609900000000" remote="131568609900000000" Dst="0" />
<file name="prefixfree.js" server="F:/xampp/htdocs/" local="131575282525058112" remote="131575282520000000" Dst="0" />
</dwsync>