<?xml version="1.0" encoding="utf-8" ?>
<dwsync>
<file name="1.jpg" server="F:/xampp/htdocs/" local="131573457776566168" remote="131573457770000000" Dst="0" />
<file name="10.jpg" server="F:/xampp/htdocs/" local="131573492778198147" remote="131573492770000000" Dst="0" />
<file name="11.jpg" server="F:/xampp/htdocs/" local="131573493105496867" remote="131573493100000000" Dst="0" />
<file name="12.jpg" server="F:/xampp/htdocs/" local="131573493296567796" remote="131573493290000000" Dst="0" />
<file name="13.jpg" server="F:/xampp/htdocs/" local="131573494028119638" remote="131573494020000000" Dst="0" />
<file name="14.jpg" server="F:/xampp/htdocs/" local="131573495810151564" remote="131573495810000000" Dst="0" />
<file name="15.jpg" server="F:/xampp/htdocs/" local="131573494552359623" remote="131573494550000000" Dst="0" />
<file name="16.jpg" server="F:/xampp/htdocs/" local="131573494739720339" remote="131573494730000000" Dst="0" />
<file name="17.jpg" server="F:/xampp/htdocs/" local="131573495027016772" remote="131573495020000000" Dst="0" />
<file name="18.jpg" server="F:/xampp/htdocs/" local="131573508901540349" remote="131573508900000000" Dst="0" />
<file name="19.jpg" server="F:/xampp/htdocs/" local="131573509274061656" remote="131573509270000000" Dst="0" />
<file name="2.jpg" server="F:/xampp/htdocs/" local="131573482815828332" remote="131573482810000000" Dst="0" />
<file name="20.jpg" server="F:/xampp/htdocs/" local="131573509501684675" remote="131573509500000000" Dst="0" />
<file name="21.jpg" server="F:/xampp/htdocs/" local="131573543550722169" remote="131573543550000000" Dst="0" />
<file name="22.jpg" server="F:/xampp/htdocs/" local="131573543957505436" remote="131573543950000000" Dst="0" />
<file name="23.jpg" server="F:/xampp/htdocs/" local="131573544338197210" remote="131573544330000000" Dst="0" />
<file name="24.jpg" server="F:/xampp/htdocs/" local="131573545570317683" remote="131573545570000000" Dst="0" />
<file name="25.jpg" server="F:/xampp/htdocs/" local="131573546337331554" remote="131573546330000000" Dst="0" />
<file name="26.jpg" server="F:/xampp/htdocs/" local="131573546629918289" remote="131573546620000000" Dst="0" />
<file name="27.jpg" server="F:/xampp/htdocs/" local="131573546891943276" remote="131573546890000000" Dst="0" />
<file name="28.jpg" server="F:/xampp/htdocs/" local="131573547361870154" remote="131573547360000000" Dst="0" />
<file name="29.jpg" server="F:/xampp/htdocs/" local="131573553948456885" remote="131573553940000000" Dst="0" />
<file name="3.jpg" server="F:/xampp/htdocs/" local="131573488369936008" remote="131573488360000000" Dst="0" />
<file name="30.jpg" server="F:/xampp/htdocs/" local="131573554454285817" remote="131573554450000000" Dst="0" />
<file name="31.jpg" server="F:/xampp/htdocs/" local="131573556410797723" remote="131573556410000000" Dst="0" />
<file name="32.jpg" server="F:/xampp/htdocs/" local="131573556730546012" remote="131573556730000000" Dst="0" />
<file name="33.jpg" server="F:/xampp/htdocs/" local="131573557000411447" remote="131573557000000000" Dst="0" />
<file name="34.jpg" server="F:/xampp/htdocs/" local="131573555409810470" remote="131573555400000000" Dst="0" />
<file name="35.jpg" server="F:/xampp/htdocs/" local="131573555580010205" remote="131573555580000000" Dst="0" />
<file name="4.jpg" server="F:/xampp/htdocs/" local="131573483511518123" remote="131573483510000000" Dst="0" />
<file name="5.jpg" server="F:/xampp/htdocs/" local="131573490655746749" remote="131573490650000000" Dst="0" />
<file name="6.jpg" server="F:/xampp/htdocs/" local="131573491375627924" remote="131573491370000000" Dst="0" />
<file name="7.jpg" server="F:/xampp/htdocs/" local="131573491633942699" remote="131573491630000000" Dst="0" />
<file name="8.jpg" server="F:/xampp/htdocs/" local="131573491890687384" remote="131573491890000000" Dst="0" />
<file name="9.jpg" server="F:/xampp/htdocs/" local="131573492482721246" remote="131573492480000000" Dst="0" />
</dwsync>