<?xml version="1.0" encoding="utf-8" ?>
<dwsync>
<file name="bootstrap-grid.css" server="F:/xampp/htdocs/" local="131528576940000000" remote="131528576940000000" Dst="0" />
<file name="bootstrap-grid.css.map" server="F:/xampp/htdocs/" local="131528576940000000" remote="131528576940000000" Dst="0" />
<file name="bootstrap-grid.min.css" server="F:/xampp/htdocs/" local="131528577020000000" remote="131528577020000000" Dst="0" />
<file name="bootstrap-grid.min.css.map" server="F:/xampp/htdocs/" local="131528577020000000" remote="131528577020000000" Dst="0" />
<file name="bootstrap-reboot.css" server="F:/xampp/htdocs/" local="131528576940000000" remote="131528576940000000" Dst="0" />
<file name="bootstrap-reboot.css.map" server="F:/xampp/htdocs/" local="131528576940000000" remote="131528576940000000" Dst="0" />
<file name="bootstrap-reboot.min.css" server="F:/xampp/htdocs/" local="131528577040000000" remote="131528577040000000" Dst="0" />
<file name="bootstrap-reboot.min.css.map" server="F:/xampp/htdocs/" local="131528577040000000" remote="131528577040000000" Dst="0" />
<file name="bootstrap.css" server="F:/xampp/htdocs/" local="131528576940000000" remote="131528576940000000" Dst="0" />
<file name="bootstrap.css.map" server="F:/xampp/htdocs/" local="131528576940000000" remote="131528576940000000" Dst="0" />
<file name="bootstrap.min.css" server="F:/xampp/htdocs/" local="131573542728295129" remote="131573542720000000" Dst="0" />
<file name="bootstrap.min.css.map" server="F:/xampp/htdocs/" local="131528577000000000" remote="131528577000000000" Dst="0" />
<file name="cart.css" server="F:/xampp/htdocs/" local="131576164138738990" remote="131576164130000000" Dst="0" />
<file name="magnify.css" server="F:/xampp/htdocs/" local="131575293332406257" remote="131575293330000000" Dst="0" />
<file name="materialicons.css" server="F:/xampp/htdocs/" local="131572865220000000" remote="131572865220000000" Dst="0" />
</dwsync>