<?xml version="1.0" encoding="utf-8" ?>
<dwsync>
<file name="bootstrap-grid.css" server="F:/xampp/htdocs/" local="131468503300000000" remote="131468503300000000" Dst="0" />
<file name="bootstrap-grid.css.map" server="F:/xampp/htdocs/" local="131468503300000000" remote="131468503300000000" Dst="0" />
<file name="bootstrap-grid.min.css" server="F:/xampp/htdocs/" local="131468503320000000" remote="131468503320000000" Dst="0" />
<file name="bootstrap-grid.min.css.map" server="F:/xampp/htdocs/" local="131468503320000000" remote="131468503320000000" Dst="0" />
<file name="bootstrap-reboot.css" server="F:/xampp/htdocs/" local="131468503300000000" remote="131468503300000000" Dst="0" />
<file name="bootstrap-reboot.css.map" server="F:/xampp/htdocs/" local="131468503300000000" remote="131468503300000000" Dst="0" />
<file name="bootstrap-reboot.min.css" server="F:/xampp/htdocs/" local="131468503340000000" remote="131468503340000000" Dst="0" />
<file name="bootstrap-reboot.min.css.map" server="F:/xampp/htdocs/" local="131468503340000000" remote="131468503340000000" Dst="0" />
<file name="bootstrap.css" server="F:/xampp/htdocs/" local="131468503300000000" remote="131468503300000000" Dst="0" />
<file name="bootstrap.css.map" server="F:/xampp/htdocs/" local="131468503300000000" remote="131468503300000000" Dst="0" />
<file name="bootstrap.min.css" server="F:/xampp/htdocs/" local="131468503320000000" remote="131468503320000000" Dst="0" />
<file name="bootstrap.min.css.map" server="F:/xampp/htdocs/" local="131468503320000000" remote="131468503320000000" Dst="0" />
<file name="sticky-footer-navbar.css" server="F:/xampp/htdocs/" local="131523710600000000" remote="131523710600000000" Dst="0" />
<file name="style.css" server="F:/xampp/htdocs/" local="131516728680000000" remote="131516728680000000" Dst="0" />
</dwsync>